<assembly xmlns="http://maven.apache.org/plugins/maven-assembly-plugin/assembly/1.1.2" xmlns:xsi="http://www.w3.org/2001/XMLSchema-instance"
  xsi:schemaLocation="http://maven.apache.org/plugins/maven-assembly-plugin/assembly/1.1.2 http://maven.apache.org/xsd/assembly-1.1.2.xsd">
  <id>dist</id>
  <formats>
    <format>zip</format>
  </formats>
  <includeBaseDirectory>false</includeBaseDirectory>
  <fileSets>
    <!-- The apiman quickstarts -->
    <fileSet>
      <directory>.</directory>
      <outputDirectory></outputDirectory>
      <useDefaultExcludes>true</useDefaultExcludes>
      <excludes>
        <exclude>**/.settings/**</exclude>
        <exclude>**/.classpath</exclude>
        <exclude>**/.project</exclude>
        <exclude>**/.gitignore</exclude>
        <exclude>**/target/**</exclude>
        <exclude>src/**</exclude>
        <exclude>release.sh</exclude>
      </excludes>
      <directoryMode>0755</directoryMode>
      <fileMode>0755</fileMode>
    </fileSet>
  </fileSets>
</assembly>